{
  "gemm": {
    "kernel": "gemm",
    "N": 2048,
    "class": "compute-bound",
    "R_cpu_gflops": 47.42709942153958,
    "R_gpu_gflops": 2044.4193571573076,
    "t_cpu_only_ms": 362.2374,
    "t_gpu_only_ms": 8.4033,
    "f_star_predicted": 0.9773276383300592,
    "T_predicted_ms": 8.212777343178987,
    "f_empirical_best": 1.0,
    "T_empirical_best_ms": 8.4033,
    "speedup_vs_cpu": 43.10656527792653,
    "speedup_vs_gpu": 1.0,
    "speedup_vs_gpu_predicted": 1.0231983224261216,
    "sweep": [
      [
        0.0,
        362.2374
      ],
      [
        0.1,
        326.4248
      ],
      [
        0.2,
        295.4708
      ],
      [
        0.3,
        253.5025
      ],
      [
        0.4,
        224.1542
      ],
      [
        0.5,
        181.9906
      ],
      [
        0.6,
        152.0561
      ],
      [
        0.7,
        112.856
      ],
      [
        0.75,
        98.5768
      ],
      [
        0.8,
        78.3462
      ],
      [
        0.85,
        62.3949
      ],
      [
        0.9,
        44.1647
      ],
      [
        0.95,
        27.1504
      ],
      [
        1.0,
        8.4033
      ]
    ]
  },
  "stencil": {
    "kernel": "stencil",
    "H": 8192,
    "W": 8192,
    "class": "memory-bound",
    "R_cpu_gbps": 7.4294744562517385,
    "R_gpu_gbps": 11.548790032525082,
    "t_cpu_only_ms": 72.2623,
    "t_gpu_only_ms": 46.4872,
    "f_star_predicted": 0.6085271937987108,
    "T_predicted_ms": 28.288725363559426,
    "f_empirical_best": 0.6,
    "T_empirical_best_ms": 43.8491,
    "speedup_vs_cpu": 1.6479768113826736,
    "speedup_vs_gpu": 1.0601631504409441,
    "speedup_vs_gpu_predicted": 1.643311934438843,
    "sweep": [
      [
        0.0,
        72.2623
      ],
      [
        0.1,
        69.7967
      ],
      [
        0.2,
        66.2089
      ],
      [
        0.3,
        63.2845
      ],
      [
        0.4,
        56.3541
      ],
      [
        0.5,
        48.5198
      ],
      [
        0.6,
        43.8491
      ],
      [
        0.65,
        51.9729
      ],
      [
        0.7,
        53.9978
      ],
      [
        0.75,
        53.0332
      ],
      [
        0.8,
        52.9326
      ],
      [
        0.85,
        51.1534
      ],
      [
        0.9,
        50.4579
      ],
      [
        0.95,
        50.4206
      ],
      [
        1.0,
        46.4872
      ]
    ]
  }
}