{
  "description": "HeteroBench concurrent CPU+GPU co-execution: makespan (ms) by split fraction f. 4 CPU cores + Tesla V100, single precision.",
  "benchmarks": {
    "3mm": {
      "class": "compute-bound (GEMM)",
      "pure_cpu_ms": 122.2914,
      "pure_gpu_ms": 4.4033,
      "mix_ms": 4.4033,
      "f_star": 1.0,
      "speedup_vs_cpu": 27.772670497127155,
      "speedup_vs_gpu": 1.0,
      "best_device": "GPU",
      "mix_wins": false,
      "sweep": [
        [
          0.0,
          122.2914
        ],
        [
          0.1,
          110.4988
        ],
        [
          0.2,
          98.412
        ],
        [
          0.3,
          84.1299
        ],
        [
          0.4,
          72.2936
        ],
        [
          0.5,
          61.6228
        ],
        [
          0.6,
          49.7203
        ],
        [
          0.7,
          37.4297
        ],
        [
          0.8,
          27.5633
        ],
        [
          0.9,
          16.8073
        ],
        [
          1.0,
          4.4033
        ]
      ]
    },
    "mlp": {
      "class": "compute-bound (GEMM)",
      "pure_cpu_ms": 10809.2666,
      "pure_gpu_ms": 188.1861,
      "mix_ms": 188.1861,
      "f_star": 1.0,
      "speedup_vs_cpu": 57.43924019893074,
      "speedup_vs_gpu": 1.0,
      "best_device": "GPU",
      "mix_wins": false,
      "sweep": [
        [
          0.0,
          10809.2666
        ],
        [
          0.1,
          9772.31
        ],
        [
          0.2,
          8698.2684
        ],
        [
          0.3,
          7618.3575
        ],
        [
          0.4,
          6548.3232
        ],
        [
          0.5,
          5467.1181
        ],
        [
          0.6,
          4410.733
        ],
        [
          0.7,
          3344.4338
        ],
        [
          0.8,
          2262.6112
        ],
        [
          0.9,
          1204.3506
        ],
        [
          1.0,
          188.1861
        ]
      ]
    },
    "oha": {
      "class": "compute-bound (attention)",
      "pure_cpu_ms": 486.4031,
      "pure_gpu_ms": 29.85,
      "mix_ms": 29.85,
      "f_star": 1.0,
      "speedup_vs_cpu": 16.29491122278057,
      "speedup_vs_gpu": 1.0,
      "best_device": "GPU",
      "mix_wins": false,
      "sweep": [
        [
          0.0,
          486.4031
        ],
        [
          0.1,
          437.9143
        ],
        [
          0.2,
          392.4937
        ],
        [
          0.3,
          346.4087
        ],
        [
          0.4,
          301.3519
        ],
        [
          0.5,
          261.2704
        ],
        [
          0.6,
          211.4542
        ],
        [
          0.7,
          166.1361
        ],
        [
          0.8,
          120.5924
        ],
        [
          0.9,
          75.3326
        ],
        [
          1.0,
          29.85
        ]
      ]
    },
    "cnn": {
      "class": "compute/memory (conv+FC)",
      "pure_cpu_ms": 300.2001,
      "pure_gpu_ms": 65.604,
      "mix_ms": 65.604,
      "f_star": 1.0,
      "speedup_vs_cpu": 4.575942015730749,
      "speedup_vs_gpu": 1.0,
      "best_device": "GPU",
      "mix_wins": false,
      "sweep": [
        [
          0.0,
          300.2001
        ],
        [
          0.1,
          301.8775
        ],
        [
          0.2,
          278.4879
        ],
        [
          0.3,
          246.5935
        ],
        [
          0.4,
          218.7712
        ],
        [
          0.5,
          188.863
        ],
        [
          0.6,
          159.0056
        ],
        [
          0.7,
          129.8155
        ],
        [
          0.8,
          95.4301
        ],
        [
          0.9,
          86.9961
        ],
        [
          1.0,
          65.604
        ]
      ]
    },
    "adi": {
      "class": "memory-bound (stencil sweep)",
      "pure_cpu_ms": 820.2974,
      "pure_gpu_ms": 323.9903,
      "mix_ms": 323.9903,
      "f_star": 1.0,
      "speedup_vs_cpu": 2.531857898214854,
      "speedup_vs_gpu": 1.0,
      "best_device": "GPU",
      "mix_wins": false,
      "sweep": [
        [
          0.0,
          820.2974
        ],
        [
          0.1,
          914.9743
        ],
        [
          0.2,
          874.278
        ],
        [
          0.3,
          790.2202
        ],
        [
          0.4,
          748.2343
        ],
        [
          0.5,
          747.7491
        ],
        [
          0.6,
          613.3248
        ],
        [
          0.7,
          531.9036
        ],
        [
          0.8,
          468.4046
        ],
        [
          0.9,
          391.5467
        ],
        [
          1.0,
          323.9903
        ]
      ]
    },
    "ced": {
      "class": "memory-bound (image stencil)",
      "pure_cpu_ms": 24.5397,
      "pure_gpu_ms": 4.4298,
      "mix_ms": 4.4298,
      "f_star": 1.0,
      "speedup_vs_cpu": 5.5396857645943385,
      "speedup_vs_gpu": 1.0,
      "best_device": "GPU",
      "mix_wins": false,
      "sweep": [
        [
          0.0,
          24.5397
        ],
        [
          0.1,
          22.7665
        ],
        [
          0.2,
          20.8885
        ],
        [
          0.3,
          18.863
        ],
        [
          0.4,
          16.6653
        ],
        [
          0.5,
          14.6585
        ],
        [
          0.6,
          12.673
        ],
        [
          0.7,
          10.6224
        ],
        [
          0.8,
          8.6143
        ],
        [
          0.9,
          6.523
        ],
        [
          1.0,
          4.4298
        ]
      ]
    },
    "sbf": {
      "class": "memory-bound (image stencil)",
      "pure_cpu_ms": 5.224,
      "pure_gpu_ms": 2.9845,
      "mix_ms": 2.9845,
      "f_star": 1.0,
      "speedup_vs_cpu": 1.7503769475624058,
      "speedup_vs_gpu": 1.0,
      "best_device": "GPU",
      "mix_wins": false,
      "sweep": [
        [
          0.0,
          5.224
        ],
        [
          0.1,
          5.1482
        ],
        [
          0.2,
          4.9522
        ],
        [
          0.3,
          4.6786
        ],
        [
          0.4,
          4.3827
        ],
        [
          0.5,
          4.1317
        ],
        [
          0.6,
          3.8839
        ],
        [
          0.7,
          3.6483
        ],
        [
          0.8,
          3.4332
        ],
        [
          0.9,
          3.6506
        ],
        [
          1.0,
          2.9845
        ]
      ]
    },
    "opf": {
      "class": "memory-bound (4K pipeline)",
      "pure_cpu_ms": 328.6324,
      "pure_gpu_ms": 80.9438,
      "mix_ms": 80.9438,
      "f_star": 1.0,
      "speedup_vs_cpu": 4.0600070666314165,
      "speedup_vs_gpu": 1.0,
      "best_device": "GPU",
      "mix_wins": false,
      "sweep": [
        [
          0.0,
          328.6324
        ],
        [
          0.1,
          302.7286
        ],
        [
          0.2,
          277.6825
        ],
        [
          0.3,
          253.0907
        ],
        [
          0.4,
          228.5446
        ],
        [
          0.5,
          204.7323
        ],
        [
          0.6,
          180.7832
        ],
        [
          0.7,
          157.0119
        ],
        [
          0.8,
          133.5584
        ],
        [
          0.9,
          108.6268
        ],
        [
          1.0,
          80.9438
        ]
      ]
    },
    "spf": {
      "class": "irregular (sequential SGD)",
      "pure_cpu_ms": 653.4559,
      "pure_gpu_ms": 1579.6376,
      "mix_ms": 653.4559,
      "f_star": 0.0,
      "speedup_vs_cpu": 1.0,
      "speedup_vs_gpu": 2.4173591515510076,
      "best_device": "CPU",
      "mix_wins": false,